aggregation_method,layer,global_mean,global_var,median_nonzero_mean,median_nonzero_var,nonzero_frac,max_mean,max_var,num_nonzero_features,total_features
topk_mean,0,1.3541088104248047,47.43900680541992,0.3998546600341797,6.487363338470459,0.45965576171875,540.824951171875,82215.2265625,7531,16384
topk_mean,1,1.4084912538528442,47.93029022216797,0.4112378656864166,6.899301528930664,0.47052001953125,371.468017578125,35307.44921875,7709,16384
topk_mean,2,1.609928846359253,52.407981872558594,0.441943883895874,7.701518535614014,0.46356201171875,349.3297119140625,19432.130859375,7595,16384
topk_mean,3,1.7598122358322144,57.91292190551758,0.4781467914581299,8.061875343322754,0.48956298828125,517.6968994140625,13821.5361328125,8021,16384
topk_mean,4,2.143005132675171,81.24352264404297,0.5906498432159424,11.80668830871582,0.43414306640625,570.949951171875,28914.181640625,7113,16384
topk_mean,5,2.2517313957214355,103.41459655761719,0.6308333873748779,14.886247634887695,0.4061279296875,820.7271728515625,34552.1015625,6654,16384
topk_mean,6,2.365230083465576,109.37662506103516,0.7102200388908386,16.853609085083008,0.42645263671875,560.6355590820312,30125.095703125,6987,16384
topk_mean,7,3.060856819152832,170.84132385253906,0.8651970028877258,23.240421295166016,0.40234375,533.157470703125,63507.19921875,6592,16384
topk_mean,8,3.6075010299682617,201.9373016357422,1.0560795068740845,29.597087860107422,0.40472412109375,675.9654541015625,68744.1328125,6631,16384
topk_mean,9,3.930598735809326,228.57118225097656,1.1053844690322876,30.818920135498047,0.40692138671875,766.4407958984375,116761.3671875,6667,16384
topk_mean,10,4.381206512451172,265.0266418457031,1.326582431793213,40.280643463134766,0.36639404296875,1181.1365966796875,169718.921875,6003,16384
topk_mean,11,5.29284143447876,367.90203857421875,1.5858776569366455,50.8520393371582,0.33892822265625,1286.8994140625,306316.09375,5553,16384
topk_mean,12,5.489611625671387,338.6391906738281,1.3631982803344727,40.17753601074219,0.35015869140625,1302.3582763671875,191447.578125,5737,16384
topk_mean,13,6.209836483001709,394.024169921875,1.1406402587890625,27.32838249206543,0.3619384765625,1195.18310546875,170306.78125,5930,16384
topk_mean,14,6.195523738861084,388.1150817871094,1.0518783330917358,25.906639099121094,0.40728759765625,1224.44677734375,191793.265625,6673,16384
topk_mean,15,7.20070743560791,503.0321350097656,1.341629147529602,39.50349044799805,0.43402099609375,1438.0816650390625,135539.484375,7111,16384
topk_mean,16,8.547103881835938,739.900146484375,2.2758378982543945,106.65339660644531,0.38720703125,1807.654052734375,197391.34375,6344,16384
topk_mean,17,11.496668815612793,1501.598388671875,3.6409623622894287,225.69537353515625,0.36181640625,2506.583740234375,603670.125,5928,16384
topk_mean,18,13.021038055419922,1875.106689453125,4.387575626373291,309.66522216796875,0.391845703125,2515.7412109375,624253.4375,6420,16384
topk_mean,19,15.983256340026855,2958.573486328125,5.320319175720215,476.6033630371094,0.41400146484375,2762.9560546875,1267972.0,6783,16384
topk_mean,20,18.31136703491211,4064.01025390625,6.557059288024902,750.5589599609375,0.43353271484375,3314.11376953125,2142488.0,7103,16384
topk_mean,21,21.273418426513672,5111.1552734375,7.231850624084473,994.8062744140625,0.46881103515625,3749.263671875,1979155.625,7681,16384
topk_mean,22,24.28944969177246,6659.0185546875,8.37948989868164,1444.918701171875,0.4884033203125,3538.86962890625,1860195.25,8002,16384
topk_mean,23,28.528404235839844,9592.1640625,9.000200271606445,1798.6103515625,0.5037841796875,4737.20166015625,2529274.5,8254,16384
topk_mean,24,31.754169464111328,12643.8388671875,10.285890579223633,2579.805908203125,0.4979248046875,5278.291015625,3091264.0,8158,16384
topk_mean,25,35.939300537109375,16412.46484375,11.749406814575195,3369.5615234375,0.50244140625,6393.26318359375,3598781.5,8232,16384
topk_mean,26,39.29938507080078,21092.845703125,13.179544448852539,4175.6826171875,0.492431640625,7267.544921875,5467588.5,8068,16384
topk_mean,27,43.1217155456543,26481.505859375,15.037284851074219,5536.5986328125,0.49249267578125,8338.427734375,5636955.0,8069,16384
topk_mean,28,46.01508331298828,30431.00390625,16.219263076782227,6468.30517578125,0.49066162109375,8755.986328125,7903088.5,8039,16384
topk_mean,29,47.900352478027344,33626.5234375,16.636564254760742,6940.55078125,0.50054931640625,8316.5078125,5417939.0,8201,16384
topk_mean,30,50.440399169921875,36298.2734375,17.5494327545166,7535.3212890625,0.5028076171875,9300.9111328125,7134054.0,8238,16384
topk_mean,31,50.841270446777344,35934.671875,18.922792434692383,8484.0458984375,0.49517822265625,9223.6640625,9006552.0,8113,16384
topk_mean,32,52.882545471191406,38450.546875,19.125816345214844,8595.3828125,0.49365234375,7344.8720703125,8586011.0,8088,16384
topk_mean,33,55.76527404785156,40459.9453125,18.020456314086914,8083.1572265625,0.4752197265625,10274.927734375,14524415.0,7786,16384
max,0,6.2781500816345215,594.1299438476562,2.505601644515991,281.3200378417969,0.45965576171875,1926.2652587890625,431233.5625,7531,16384
max,1,6.448052883148193,605.4044189453125,2.6136136054992676,292.2392578125,0.47052001953125,1282.778564453125,235787.6875,7709,16384
max,2,7.181750297546387,648.7383422851562,2.9065496921539307,345.476318359375,0.46356201171875,773.9363403320312,86360.109375,7595,16384
max,3,7.779288291931152,721.17041015625,3.0516109466552734,365.3563232421875,0.48956298828125,824.67529296875,109721.8203125,8021,16384
max,4,9.159124374389648,980.6515502929688,3.81699800491333,535.0497436523438,0.43414306640625,755.3019409179688,217012.015625,7113,16384
max,5,8.791529655456543,1131.7337646484375,4.211613655090332,640.821044921875,0.4061279296875,975.1292114257812,143730.890625,6654,16384
max,6,9.171399116516113,1212.8636474609375,4.517360210418701,674.6925659179688,0.42645263671875,691.6317749023438,131802.1875,6987,16384
max,7,11.326757431030273,1665.42822265625,5.442296981811523,934.7296142578125,0.40234375,1039.3370361328125,393803.90625,6592,16384
max,8,13.655226707458496,1993.7919921875,6.471390247344971,1106.235595703125,0.40472412109375,1310.6783447265625,342997.875,6631,16384
max,9,14.550569534301758,2286.219482421875,6.943139553070068,1194.537841796875,0.40692138671875,1399.2301025390625,838471.4375,6667,16384
max,10,15.801661491394043,2561.328369140625,8.629505157470703,1585.947021484375,0.36639404296875,1935.689208984375,627489.5,6003,16384
max,11,17.884605407714844,3030.618896484375,10.429221153259277,1955.1365966796875,0.33892822265625,2355.811279296875,900308.8125,5553,16384
max,12,18.39984703063965,2917.39501953125,9.385446548461914,1678.8636474609375,0.35015869140625,2239.13916015625,838380.625,5737,16384
max,13,20.450393676757812,3370.822021484375,8.834515571594238,1518.27587890625,0.3619384765625,2254.573486328125,1365754.75,5930,16384
max,14,20.713924407958984,3171.535400390625,8.183375358581543,1410.4510498046875,0.40728759765625,2144.4423828125,972317.75,6673,16384
max,15,24.276914596557617,3860.83642578125,9.357331275939941,1835.42919921875,0.43402099609375,2399.67822265625,589139.8125,7111,16384
max,16,28.386077880859375,5214.14990234375,14.177668571472168,3595.86767578125,0.38720703125,3229.108642578125,1466154.25,6344,16384
max,17,37.20662307739258,9146.009765625,20.642539978027344,6384.96240234375,0.36181640625,4996.2783203125,2511930.75,5928,16384
max,18,43.87809371948242,12902.65234375,25.77326774597168,8858.6728515625,0.391845703125,4767.84423828125,2595780.5,6420,16384
max,19,55.31291198730469,20370.65234375,30.187402725219727,12310.025390625,0.41400146484375,5981.92333984375,5006826.5,6783,16384
max,20,64.59941864013672,29916.84765625,37.574337005615234,19270.525390625,0.43353271484375,6748.07373046875,10943780.0,7103,16384
max,21,76.49722290039062,38498.6328125,41.397438049316406,25251.462890625,0.46881103515625,7041.16357421875,5701400.5,7681,16384
max,22,88.77462768554688,54349.96875,46.621498107910156,36337.3671875,0.4884033203125,8570.4365234375,7098032.0,8002,16384
max,23,103.01129150390625,70767.765625,49.84904098510742,46676.703125,0.5037841796875,14207.0224609375,11987689.0,8254,16384
max,24,112.0145492553711,88815.40625,53.03458786010742,60051.765625,0.4979248046875,13064.1787109375,16500605.0,8158,16384
max,25,125.4281005859375,111265.4609375,60.129207611083984,77047.734375,0.50244140625,16340.962890625,19136452.0,8232,16384
max,26,136.8448944091797,135509.265625,65.36614990234375,95452.8125,0.492431640625,21804.3984375,23689620.0,8068,16384
max,27,149.3857421875,166289.40625,70.53924560546875,113703.71875,0.49249267578125,23049.150390625,32901246.0,8069,16384
max,28,159.6791534423828,190502.625,78.5591049194336,138496.796875,0.49066162109375,25135.970703125,34740032.0,8039,16384
max,29,168.39157104492188,209649.578125,80.44837188720703,148502.609375,0.50054931640625,18974.171875,29101236.0,8201,16384
max,30,175.8197784423828,226647.4375,84.79550170898438,161122.953125,0.5028076171875,21196.251953125,55287732.0,8238,16384
max,31,175.48895263671875,223176.65625,88.19058227539062,173395.796875,0.49517822265625,21564.41796875,19368326.0,8113,16384
max,32,185.0648651123047,249089.15625,91.96845245361328,180956.71875,0.49365234375,16923.765625,46834340.0,8088,16384
max,33,188.82122802734375,259750.71875,87.12772369384766,174020.84375,0.4752197265625,22776.625,112375376.0,7786,16384
topk_sum,0,13.541089057922363,4743.900390625,3.9985463619232178,648.7362670898438,0.45965576171875,5408.25,8221522.0,7531,16384
topk_sum,1,14.084912300109863,4793.02880859375,4.1123785972595215,689.928466796875,0.47052001953125,3714.679443359375,3530745.5,7709,16384
topk_sum,2,16.099288940429688,5240.79833984375,4.419439315795898,770.151123046875,0.46356201171875,3493.296630859375,1943212.5,7595,16384
topk_sum,3,17.598119735717773,5791.2919921875,4.781467914581299,806.1874389648438,0.48956298828125,5176.97021484375,1382153.125,8021,16384
topk_sum,4,21.4300537109375,8124.3525390625,5.906498908996582,1180.669189453125,0.43414306640625,5709.50146484375,2891417.0,7113,16384
topk_sum,5,22.517314910888672,10341.458984375,6.308333396911621,1488.62841796875,0.4061279296875,8207.271484375,3455208.75,6654,16384
topk_sum,6,23.65229606628418,10937.662109375,7.102200508117676,1685.362060546875,0.42645263671875,5606.35302734375,3012504.75,6987,16384
topk_sum,7,30.608570098876953,17084.1328125,8.651969909667969,2324.042236328125,0.40234375,5331.57568359375,6350710.0,6592,16384
topk_sum,8,36.075008392333984,20193.732421875,10.560794830322266,2959.708984375,0.40472412109375,6759.65478515625,6874412.0,6631,16384
topk_sum,9,39.30598831176758,22857.119140625,11.053844451904297,3081.889404296875,0.40692138671875,7664.40869140625,11676132.0,6667,16384
topk_sum,10,43.81206512451172,26502.666015625,13.265825271606445,4028.062744140625,0.36639404296875,11811.3662109375,16971884.0,6003,16384
topk_sum,11,52.92842102050781,36790.203125,15.858776092529297,5085.2041015625,0.33892822265625,12868.994140625,30631606.0,5553,16384
topk_sum,12,54.8961181640625,33863.921875,13.631982803344727,4017.756591796875,0.35015869140625,13023.5810546875,19144760.0,5737,16384
topk_sum,13,62.09836196899414,39402.41796875,11.406400680541992,2732.83935546875,0.3619384765625,11951.8310546875,17030676.0,5930,16384
topk_sum,14,61.955230712890625,38811.50390625,10.518781661987305,2590.675048828125,0.40728759765625,12244.4638671875,19179316.0,6673,16384
topk_sum,15,72.00707244873047,50303.2109375,13.416291236877441,3950.356201171875,0.43402099609375,14380.8203125,13553947.0,7111,16384
topk_sum,16,85.47103881835938,73990.0078125,22.758380889892578,10665.3095703125,0.38720703125,18076.537109375,19739134.0,6344,16384
topk_sum,17,114.96668243408203,150159.828125,36.40962219238281,22569.60546875,0.36181640625,25065.8359375,60366996.0,5928,16384
topk_sum,18,130.21038818359375,187510.65625,43.875755310058594,30966.5234375,0.391845703125,25157.41796875,62425328.0,6420,16384
topk_sum,19,159.83255004882812,295857.34375,53.20319366455078,47660.32421875,0.41400146484375,27629.552734375,126797200.0,6783,16384
topk_sum,20,183.11367797851562,406400.96875,65.57059478759766,75055.84375,0.43353271484375,33141.12890625,214248720.0,7103,16384
topk_sum,21,212.73416137695312,511115.53125,72.3185043334961,99480.6328125,0.46881103515625,37492.63671875,197915584.0,7681,16384
topk_sum,22,242.89450073242188,665901.8125,83.79490661621094,144491.96875,0.4884033203125,35388.6953125,186019552.0,8002,16384
topk_sum,23,285.28399658203125,959216.4375,90.00199127197266,179860.90625,0.5037841796875,47372.015625,252927536.0,8254,16384
topk_sum,24,317.54168701171875,1264383.875,102.8589096069336,257980.8125,0.4979248046875,52782.90625,309126304.0,8158,16384
topk_sum,25,359.3929443359375,1641246.5,117.49406433105469,336956.25,0.50244140625,63932.63671875,359878240.0,8232,16384
topk_sum,26,392.9937744140625,2109284.5,131.79544067382812,417568.875,0.492431640625,72675.453125,546759040.0,8068,16384
topk_sum,27,431.2171325683594,2648150.75,150.3728485107422,553659.25,0.49249267578125,83384.28125,563695424.0,8069,16384
topk_sum,28,460.1507568359375,3043100.5,162.19264221191406,646830.6875,0.49066162109375,87559.84375,790309056.0,8039,16384
topk_sum,29,479.0035400390625,3362652.5,166.3656463623047,694053.375,0.50054931640625,83165.09375,541793856.0,8201,16384
topk_sum,30,504.40399169921875,3629826.5,175.49432373046875,753532.0,0.5028076171875,93009.109375,713405312.0,8238,16384
topk_sum,31,508.41265869140625,3593467.0,189.22793579101562,848404.0625,0.49517822265625,92236.6484375,900655296.0,8113,16384
topk_sum,32,528.825439453125,3845054.75,191.25814819335938,859536.0,0.49365234375,73448.7578125,858600896.0,8088,16384
topk_sum,33,557.6526489257812,4045994.0,180.20455932617188,808316.875,0.4752197265625,102749.28125,1452441216.0,7786,16384
